id;name
1;Irregular Verbs
2;Irregular Verbs
3;Irregular Verbs
4;Irregular Verbs
5;Irregular Verbs
6;Irregular Verbs
7;Irregular Verbs
8;Irregular Verbs
9;Irregular Verbs
10;Irregular Verbs
11;Irregular Verbs
12;Irregular Verbs
13;Irregular Verbs
14;Irregular Verbs
15;Irregular Verbs
16;Irregular Verbs
17;Irregular Verbs
18;Irregular Verbs
19;Irregular Verbs
20;Irregular Verbs
21;Irregular Verbs
22;Irregular Verbs
23;Irregular Verbs
24;Irregular Verbs
25;Irregular Verbs
26;Irregular Verbs
27;Irregular Verbs
28;Irregular Verbs
29;Irregular Verbs
30;Irregular Verbs
31;Irregular Verbs
32;Irregular Verbs
33;Irregular Verbs
34;Irregular Verbs
35;Irregular Verbs
36;Irregular Verbs
37;Irregular Verbs
38;Irregular Verbs
39;Irregular Verbs
40;Irregular Verbs
41;Irregular Verbs
42;Irregular Verbs
43;Irregular Verbs
44;Irregular Verbs
45;Irregular Verbs
46;Irregular Verbs
47;Irregular Verbs
48;Irregular Verbs
49;Irregular Verbs
50;Irregular Verbs
51;Irregular Verbs
52;Irregular Verbs
53;Irregular Verbs
54;Irregular Verbs
55;Irregular Verbs
56;Irregular Verbs
57;Irregular Verbs
58;Irregular Verbs
59;Irregular Verbs
60;Irregular Verbs
61;Irregular Verbs
62;Irregular Verbs
63;Irregular Verbs
64;Irregular Verbs
65;Irregular Verbs
66;Irregular Verbs
67;Irregular Verbs
68;Irregular Verbs
69;Irregular Verbs
70;Irregular Verbs
71;Irregular Verbs
72;Irregular Verbs
73;Irregular Verbs
74;Irregular Verbs
75;Irregular Verbs
76;Irregular Verbs
77;Irregular Verbs
78;Irregular Verbs
79;Irregular Verbs
80;Irregular Verbs
81;Irregular Verbs
82;Irregular Verbs
83;Irregular Verbs
84;Irregular Verbs
85;Irregular Verbs
86;Irregular Verbs
87;Irregular Verbs
88;Irregular Verbs
89;Irregular Verbs
90;Irregular Verbs
91;Irregular Verbs
92;Irregular Verbs
93;Irregular Verbs
94;Irregular Verbs
95;Irregular Verbs
96;Irregular Verbs
97;Irregular Verbs
98;Irregular Verbs
99;Irregular Verbs
100;Irregular Verbs
101;Irregular Verbs
102;Irregular Verbs
103;Irregular Verbs
104;Irregular Verbs
105;Irregular Verbs
106;Irregular Verbs
107;Irregular Verbs
108;Irregular Verbs
109;Irregular Verbs
110;Irregular Verbs
111;Irregular Verbs
112;Irregular Verbs
113;Irregular Verbs
114;Irregular Verbs
115;Irregular Verbs
116;Irregular Verbs
117;Irregular Verbs
118;Irregular Verbs
119;Irregular Verbs
120;Irregular Verbs
121;Irregular Verbs
122;Irregular Verbs
123;Irregular Verbs
124;Irregular Verbs
125;Irregular Verbs
126;Irregular Verbs
127;Irregular Verbs
128;Irregular Verbs
129;Irregular Verbs
130;Irregular Verbs
131;Irregular Verbs
132;Irregular Verbs
133;Irregular Verbs
134;Irregular Verbs
135;Irregular Verbs
136;Irregular Verbs
137;Irregular Verbs
138;Irregular Verbs
139;Irregular Verbs
140;Irregular Verbs
141;Irregular Verbs
142;Irregular Verbs
143;Irregular Verbs
144;Irregular Verbs
145;Irregular Verbs
146;Irregular Verbs
147;Irregular Verbs
148;Irregular Verbs
149;Irregular Verbs
150;Irregular Verbs
151;Irregular Verbs
152;Irregular Verbs
153;Irregular Verbs
154;Irregular Verbs
155;Irregular Verbs
156;Irregular Verbs
157;Irregular Verbs
158;Irregular Verbs
159;Irregular Verbs
160;Irregular Verbs
161;Irregular Verbs
